{
  "hash": "94c022a9",
  "configHash": "d040b646",
  "lockfileHash": "5a32b2e0",
  "browserHash": "25414591",
  "optimized": {
    "@angular/common": {
      "src": "../../../../../../node_modules/@angular/common/fesm2022/common.mjs",
      "file": "@angular_common.js",
      "fileHash": "b61dd939",
      "needsInterop": false
    },
    "@angular/common/http": {
      "src": "../../../../../../node_modules/@angular/common/fesm2022/http.mjs",
      "file": "@angular_common_http.js",
      "fileHash": "69d7ce9e",
      "needsInterop": false
    },
    "@angular/core": {
      "src": "../../../../../../node_modules/@angular/core/fesm2022/core.mjs",
      "file": "@angular_core.js",
      "fileHash": "f4b1305e",
      "needsInterop": false
    },
    "@angular/forms": {
      "src": "../../../../../../node_modules/@angular/forms/fesm2022/forms.mjs",
      "file": "@angular_forms.js",
      "fileHash": "c1c2593f",
      "needsInterop": false
    },
    "@angular/platform-browser": {
      "src": "../../../../../../node_modules/@angular/platform-browser/fesm2022/platform-browser.mjs",
      "file": "@angular_platform-browser.js",
      "fileHash": "a753d96d",
      "needsInterop": false
    },
    "@angular/router": {
      "src": "../../../../../../node_modules/@angular/router/fesm2022/router.mjs",
      "file": "@angular_router.js",
      "fileHash": "4fa57acd",
      "needsInterop": false
    }
  },
  "chunks": {
    "chunk-HVOX7SHY": {
      "file": "chunk-HVOX7SHY.js"
    },
    "chunk-74VA5E62": {
      "file": "chunk-74VA5E62.js"
    },
    "chunk-2WDSK4Z4": {
      "file": "chunk-2WDSK4Z4.js"
    },
    "chunk-PR7BJRWE": {
      "file": "chunk-PR7BJRWE.js"
    }
  }
}